<configuration>
<timestap key="byDay" datePattern="yyyyMMdd'T'HHmmss"/>

  <appender name="STDOUT" class="ch.qos.logback.core.ConsoleAppender">
    <!-- encoders are assigned the type
         ch.qos.logback.classic.encoder.PatternLayoutEncoder by default -->
    <encoder>
      <pattern>%d{HH:mm:ss.SSS} [%thread] %-5level %logger{36} - %msg%n</pattern>
    </encoder>
  </appender>
  
  <appender name="FILE" class="ch.qos.logback.core.fileAppender">
  
  <file>C:\workspaceDTWS\ShoppingCartFrontEnd\log-${byDay}.txt</file>
  <append>true</append>
  <encoder>
  <pattern>%-4relative [%thread] %-5level %logger{36} - %msg%n</pattern>
  </encoder>
  </appender>

  <root level="debug">
    <appender-ref ref="STDOUT" />
  </root>
</configuration>